Workbook

Sheet Dashboard
B2: Social Media Tracker
B3: Followers, Engagement & Shares — Weekly Dashboard
C6: =SUM('Platform Summary'!C5:C12) | E6: =IFERROR(AVERAGE('Platform Summary'!F5:F12),0) | G6: =SUM('Platform Summary'!G5:G12) | I6: =SUM('Platform Summary'!H5:H12)
C8: Total Followers | E8: Avg Engagement Rate | G8: Total Shares | I8: Total Engagements
B11: Weekly Growth Summary
B12: Week Ending | C12: Total Followers | D12: New Followers | E12: Engagement Rate | F12: Total Shares | G12: Total Engagements
B23: How to Use This Spreadsheet
B24: 1. Go to the 'Weekly Tracker' tab and log your metrics each week (one row per platform per week).
B25: 2. Enter the week-ending date, select a platform, and type in your follower count, likes, comments, and shares.
B26: 3. 'New Followers', 'Total Engagements', and 'Engagement Rate' are calculated automatically.
B27: 4. The 'Platform Summary' tab auto-aggregates your latest week's numbers per platform.
B28: 5. This 'Dashboard' tab shows your top-level KPIs and weekly growth trends.
B29: 6. Add more rows as needed — just copy a formula row down to extend the calculations.

Sheet Weekly Tracker
B2: Weekly Tracker
B3: Log one row per platform per week. Formulas calculate automatically.
B5: Week Ending | C5: Platform | D5: Followers (Start) | E5: Followers (End) | F5: New Followers | G5: Posts | H5: Likes | I5: Shares | J5: Comments | K5: Total Engagements | L5: Engagement Rate | M5: Impressions | N5: Notes
B6: 46208 | C6: Instagram | F6: =IF(AND(ISNUMBER(D6),ISNUMBER(E6)),E6-D6,"") | K6: =IF(COUNT(H6:J6)>0,SUM(H6:J6),"") | L6: =IF(AND(ISNUMBER(K6),ISNUMBER(E6),E6>0),K6/E6,"")
B7: 46208 | C7: TikTok | F7: =IF(AND(ISNUMBER(D7),ISNUMBER(E7)),E7-D7,"") | K7: =IF(COUNT(H7:J7)>0,SUM(H7:J7),"") | L7: =IF(AND(ISNUMBER(K7),ISNUMBER(E7),E7>0),K7/E7,"")
B8: 46208 | C8: YouTube | F8: =IF(AND(ISNUMBER(D8),ISNUMBER(E8)),E8-D8,"") | K8: =IF(COUNT(H8:J8)>0,SUM(H8:J8),"") | L8: =IF(AND(ISNUMBER(K8),ISNUMBER(E8),E8>0),K8/E8,"")
B9: 46208 | C9: X (Twitter) | F9: =IF(AND(ISNUMBER(D9),ISNUMBER(E9)),E9-D9,"") | K9: =IF(COUNT(H9:J9)>0,SUM(H9:J9),"") | L9: =IF(AND(ISNUMBER(K9),ISNUMBER(E9),E9>0),K9/E9,"")
B10: 46208 | C10: Facebook | F10: =IF(AND(ISNUMBER(D10),ISNUMBER(E10)),E10-D10,"") | K10: =IF(COUNT(H10:J10)>0,SUM(H10:J10),"") | L10: =IF(AND(ISNUMBER(K10),ISNUMBER(E10),E10>0),K10/E10,"")
B11: 46208 | C11: LinkedIn | F11: =IF(AND(ISNUMBER(D11),ISNUMBER(E11)),E11-D11,"") | K11: =IF(COUNT(H11:J11)>0,SUM(H11:J11),"") | L11: =IF(AND(ISNUMBER(K11),ISNUMBER(E11),E11>0),K11/E11,"")
B12: 46208 | C12: Threads | F12: =IF(AND(ISNUMBER(D12),ISNUMBER(E12)),E12-D12,"") | K12: =IF(COUNT(H12:J12)>0,SUM(H12:J12),"") | L12: =IF(AND(ISNUMBER(K12),ISNUMBER(E12),E12>0),K12/E12,"")
B13: 46208 | C13: Pinterest | F13: =IF(AND(ISNUMBER(D13),ISNUMBER(E13)),E13-D13,"") | K13: =IF(COUNT(H13:J13)>0,SUM(H13:J13),"") | L13: =IF(AND(ISNUMBER(K13),ISNUMBER(E13),E13>0),K13/E13,"")
B14: 46215 | C14: Instagram | F14: =IF(AND(ISNUMBER(D14),ISNUMBER(E14)),E14-D14,"") | K14: =IF(COUNT(H14:J14)>0,SUM(H14:J14),"") | L14: =IF(AND(ISNUMBER(K14),ISNUMBER(E14),E14>0),K14/E14,"")
B15: 46215 | C15: TikTok | F15: =IF(AND(ISNUMBER(D15),ISNUMBER(E15)),E15-D15,"") | K15: =IF(COUNT(H15:J15)>0,SUM(H15:J15),"") | L15: =IF(AND(ISNUMBER(K15),ISNUMBER(E15),E15>0),K15/E15,"")
B16: 46215 | C16: YouTube | F16: =IF(AND(ISNUMBER(D16),ISNUMBER(E16)),E16-D16,"") | K16: =IF(COUNT(H16:J16)>0,SUM(H16:J16),"") | L16: =IF(AND(ISNUMBER(K16),ISNUMBER(E16),E16>0),K16/E16,"")
B17: 46215 | C17: X (Twitter) | F17: =IF(AND(ISNUMBER(D17),ISNUMBER(E17)),E17-D17,"") | K17: =IF(COUNT(H17:J17)>0,SUM(H17:J17),"") | L17: =IF(AND(ISNUMBER(K17),ISNUMBER(E17),E17>0),K17/E17,"")
... B37: 46229 | C37: Pinterest | F37: =IF(AND(ISNUMBER(D37),ISNUMBER(E37)),E37-D37,"") | K37: =IF(COUNT(H37:J37)>0,SUM(H37:J37),"") | L37: =IF(AND(ISNUMBER(K37),ISNUMBER(E37),E37>0),K37/E37,"")
F38: =IF(AND(ISNUMBER(D38),ISNUMBER(E38)),E38-D38,"") | K38: =IF(COUNT(H38:J38)>0,SUM(H38:J38),"") | L38: =IF(AND(ISNUMBER(K38),ISNUMBER(E38),E38>0),K38/E38,"")
F39: =IF(AND(ISNUMBER(D39),ISNUMBER(E39)),E39-D39,"") | K39: =IF(COUNT(H39:J39)>0,SUM(H39:J39),"") | L39: =IF(AND(ISNUMBER(K39),ISNUMBER(E39),E39>0),K39/E39,"")
F40: =IF(AND(ISNUMBER(D40),ISNUMBER(E40)),E40-D40,"") | K40: =IF(COUNT(H40:J40)>0,SUM(H40:J40),"") | L40: =IF(AND(ISNUMBER(K40),ISNUMBER(E40),E40>0),K40/E40,"")
F41: =IF(AND(ISNUMBER(D41),ISNUMBER(E41)),E41-D41,"") | K41: =IF(COUNT(H41:J41)>0,SUM(H41:J41),"") | L41: =IF(AND(ISNUMBER(K41),ISNUMBER(E41),E41>0),K41/E41,"")
F42: =IF(AND(ISNUMBER(D42),ISNUMBER(E42)),E42-D42,"") | K42: =IF(COUNT(H42:J42)>0,SUM(H42:J42),"") | L42: =IF(AND(ISNUMBER(K42),ISNUMBER(E42),E42>0),K42/E42,"")
F43: =IF(AND(ISNUMBER(D43),ISNUMBER(E43)),E43-D43,"") | K43: =IF(COUNT(H43:J43)>0,SUM(H43:J43),"") | L43: =IF(AND(ISNUMBER(K43),ISNUMBER(E43),E43>0),K43/E43,"")
F44: =IF(AND(ISNUMBER(D44),ISNUMBER(E44)),E44-D44,"") | K44: =IF(COUNT(H44:J44)>0,SUM(H44:J44),"") | L44: =IF(AND(ISNUMBER(K44),ISNUMBER(E44),E44>0),K44/E44,"")
F45: =IF(AND(ISNUMBER(D45),ISNUMBER(E45)),E45-D45,"") | K45: =IF(COUNT(H45:J45)>0,SUM(H45:J45),"") | L45: =IF(AND(ISNUMBER(K45),ISNUMBER(E45),E45>0),K45/E45,"")
F46: =IF(AND(ISNUMBER(D46),ISNUMBER(E46)),E46-D46,"") | K46: =IF(COUNT(H46:J46)>0,SUM(H46:J46),"") | L46: =IF(AND(ISNUMBER(K46),ISNUMBER(E46),E46>0),K46/E46,"")
F47: =IF(AND(ISNUMBER(D47),ISNUMBER(E47)),E47-D47,"") | K47: =IF(COUNT(H47:J47)>0,SUM(H47:J47),"") | L47: =IF(AND(ISNUMBER(K47),ISNUMBER(E47),E47>0),K47/E47,"")
F48: =IF(AND(ISNUMBER(D48),ISNUMBER(E48)),E48-D48,"") | K48: =IF(COUNT(H48:J48)>0,SUM(H48:J48),"") | L48: =IF(AND(ISNUMBER(K48),ISNUMBER(E48),E48>0),K48/E48,"")
F49: =IF(AND(ISNUMBER(D49),ISNUMBER(E49)),E49-D49,"") | K49: =IF(COUNT(H49:J49)>0,SUM(H49:J49),"") | L49: =IF(AND(ISNUMBER(K49),ISNUMBER(E49),E49>0),K49/E49,"")
... F200: =IF(AND(ISNUMBER(D200),ISNUMBER(E200)),E200-D200,"") | K200: =IF(COUNT(H200:J200)>0,SUM(H200:J200),"") | L200: =IF(AND(ISNUMBER(K200),ISNUMBER(E200),E200>0),K200/E200,"")

Sheet Platform Summary
B2: Platform Summary
B3: Auto-aggregated from the Weekly Tracker. Latest week values per platform.
B4: Platform | C4: Latest Followers | D4: Followers (Prev Week) | E4: New Followers | F4: Engagement Rate | G4: Total Shares | H4: Total Engagements | I4: Posts
B5: Instagram | C5: =IFERROR(LOOKUP(2,1/('Weekly Tracker'!C6:C200=B5)/ISNUMBER('Weekly Tracker'!E6:E200),'Weekly Tracker'!E6:E200),0) | D5: =IFERROR(LOOKUP(2,1/('Weekly Tracker'!C6:C200=B5)/ISNUMBER('Weekly Tracker'!D6:D200),'Weekly Tracker'!D6:D200),0) | E5: =C5-D5 | F5: =IFERROR(AVERAGEIFS('Weekly Tracker'!L6:L200,'Weekly Tracker'!C6:C200,B5),"") | G5: =IFERROR(SUMIFS('Weekly Tracker'!I6:I200,'Weekly Tracker'!C6:C200,B5),0) | H5: =IFERROR(SUMIFS('Weekly Tracker'!K6:K200,'Weekly Tracker'!C6:C200,B5),0) | I5: =IFERROR(SUMIFS('Weekly Tracker'!G6:G200,'Weekly Tracker'!C6:C200,B5),0)
B6: TikTok | C6: =IFERROR(LOOKUP(2,1/('Weekly Tracker'!C6:C200=B6)/ISNUMBER('Weekly Tracker'!E6:E200),'Weekly Tracker'!E6:E200),0) | D6: =IFERROR(LOOKUP(2,1/('Weekly Tracker'!C6:C200=B6)/ISNUMBER('Weekly Tracker'!D6:D200),'Weekly Tracker'!D6:D200),0) | E6: =C6-D6 | F6: =IFERROR(AVERAGEIFS('Weekly Tracker'!L6:L200,'Weekly Tracker'!C6:C200,B6),"") | G6: =IFERROR(SUMIFS('Weekly Tracker'!I6:I200,'Weekly Tracker'!C6:C200,B6),0) | H6: =IFERROR(SUMIFS('Weekly Tracker'!K6:K200,'Weekly Tracker'!C6:C200,B6),0) | I6: =IFERROR(SUMIFS('Weekly Tracker'!G6:G200,'Weekly Tracker'!C6:C200,B6),0)
B7: YouTube | C7: =IFERROR(LOOKUP(2,1/('Weekly Tracker'!C6:C200=B7)/ISNUMBER('Weekly Tracker'!E6:E200),'Weekly Tracker'!E6:E200),0) | D7: =IFERROR(LOOKUP(2,1/('Weekly Tracker'!C6:C200=B7)/ISNUMBER('Weekly Tracker'!D6:D200),'Weekly Tracker'!D6:D200),0) | E7: =C7-D7 | F7: =IFERROR(AVERAGEIFS('Weekly Tracker'!L6:L200,'Weekly Tracker'!C6:C200,B7),"") | G7: =IFERROR(SUMIFS('Weekly Tracker'!I6:I200,'Weekly Tracker'!C6:C200,B7),0) | H7: =IFERROR(SUMIFS('Weekly Tracker'!K6:K200,'Weekly Tracker'!C6:C200,B7),0) | I7: =IFERROR(SUMIFS('Weekly Tracker'!G6:G200,'Weekly Tracker'!C6:C200,B7),0)
B8: X (Twitter) | C8: =IFERROR(LOOKUP(2,1/('Weekly Tracker'!C6:C200=B8)/ISNUMBER('Weekly Tracker'!E6:E200),'Weekly Tracker'!E6:E200),0) | D8: =IFERROR(LOOKUP(2,1/('Weekly Tracker'!C6:C200=B8)/ISNUMBER('Weekly Tracker'!D6:D200),'Weekly Tracker'!D6:D200),0) | E8: =C8-D8 | F8: =IFERROR(AVERAGEIFS('Weekly Tracker'!L6:L200,'Weekly Tracker'!C6:C200,B8),"") | G8: =IFERROR(SUMIFS('Weekly Tracker'!I6:I200,'Weekly Tracker'!C6:C200,B8),0) | H8: =IFERROR(SUMIFS('Weekly Tracker'!K6:K200,'Weekly Tracker'!C6:C200,B8),0) | I8: =IFERROR(SUMIFS('Weekly Tracker'!G6:G200,'Weekly Tracker'!C6:C200,B8),0)
B9: Facebook | C9: =IFERROR(LOOKUP(2,1/('Weekly Tracker'!C6:C200=B9)/ISNUMBER('Weekly Tracker'!E6:E200),'Weekly Tracker'!E6:E200),0) | D9: =IFERROR(LOOKUP(2,1/('Weekly Tracker'!C6:C200=B9)/ISNUMBER('Weekly Tracker'!D6:D200),'Weekly Tracker'!D6:D200),0) | E9: =C9-D9 | F9: =IFERROR(AVERAGEIFS('Weekly Tracker'!L6:L200,'Weekly Tracker'!C6:C200,B9),"") | G9: =IFERROR(SUMIFS('Weekly Tracker'!I6:I200,'Weekly Tracker'!C6:C200,B9),0) | H9: =IFERROR(SUMIFS('Weekly Tracker'!K6:K200,'Weekly Tracker'!C6:C200,B9),0) | I9: =IFERROR(SUMIFS('Weekly Tracker'!G6:G200,'Weekly Tracker'!C6:C200,B9),0)
B10: LinkedIn | C10: =IFERROR(LOOKUP(2,1/('Weekly Tracker'!C6:C200=B10)/ISNUMBER('Weekly Tracker'!E6:E200),'Weekly Tracker'!E6:E200),0) | D10: =IFERROR(LOOKUP(2,1/('Weekly Tracker'!C6:C200=B10)/ISNUMBER('Weekly Tracker'!D6:D200),'Weekly Tracker'!D6:D200),0) | E10: =C10-D10 | F10: =IFERROR(AVERAGEIFS('Weekly Tracker'!L6:L200,'Weekly Tracker'!C6:C200,B10),"") | G10: =IFERROR(SUMIFS('Weekly Tracker'!I6:I200,'Weekly Tracker'!C6:C200,B10),0) | H10: =IFERROR(SUMIFS('Weekly Tracker'!K6:K200,'Weekly Tracker'!C6:C200,B10),0) | I10: =IFERROR(SUMIFS('Weekly Tracker'!G6:G200,'Weekly Tracker'!C6:C200,B10),0)
B11: Threads | C11: =IFERROR(LOOKUP(2,1/('Weekly Tracker'!C6:C200=B11)/ISNUMBER('Weekly Tracker'!E6:E200),'Weekly Tracker'!E6:E200),0) | D11: =IFERROR(LOOKUP(2,1/('Weekly Tracker'!C6:C200=B11)/ISNUMBER('Weekly Tracker'!D6:D200),'Weekly Tracker'!D6:D200),0) | E11: =C11-D11 | F11: =IFERROR(AVERAGEIFS('Weekly Tracker'!L6:L200,'Weekly Tracker'!C6:C200,B11),"") | G11: =IFERROR(SUMIFS('Weekly Tracker'!I6:I200,'Weekly Tracker'!C6:C200,B11),0) | H11: =IFERROR(SUMIFS('Weekly Tracker'!K6:K200,'Weekly Tracker'!C6:C200,B11),0) | I11: =IFERROR(SUMIFS('Weekly Tracker'!G6:G200,'Weekly Tracker'!C6:C200,B11),0)
B12: Pinterest | C12: =IFERROR(LOOKUP(2,1/('Weekly Tracker'!C6:C200=B12)/ISNUMBER('Weekly Tracker'!E6:E200),'Weekly Tracker'!E6:E200),0) | D12: =IFERROR(LOOKUP(2,1/('Weekly Tracker'!C6:C200=B12)/ISNUMBER('Weekly Tracker'!D6:D200),'Weekly Tracker'!D6:D200),0) | E12: =C12-D12 | F12: =IFERROR(AVERAGEIFS('Weekly Tracker'!L6:L200,'Weekly Tracker'!C6:C200,B12),"") | G12: =IFERROR(SUMIFS('Weekly Tracker'!I6:I200,'Weekly Tracker'!C6:C200,B12),0) | H12: =IFERROR(SUMIFS('Weekly Tracker'!K6:K200,'Weekly Tracker'!C6:C200,B12),0) | I12: =IFERROR(SUMIFS('Weekly Tracker'!G6:G200,'Weekly Tracker'!C6:C200,B12),0)
B13: TOTAL | C13: =SUM(C5:C12) | D13: =SUM(D5:D12) | E13: =SUM(E5:E12) | F13: =IFERROR(AVERAGE(F5:F12),"") | G13: =SUM(G5:G12) | H13: =SUM(H5:H12) | I13: =SUM(I5:I12)

Sheet ProductionCost
C3: SL | D3: ID | E3: Name | F3: Description | G3: production date | H3: videolength | I3: higgsfiled credit used | J3: APPX USD | K3: model used | L3: storyBook
C4: 1 | D4: 73882fe5-salvage | E4: Sneezing Etiquette Family Story | F4: AIVS studio pipeline: Kling via fal.ai + ElevenLabs narration, 4 scenes, 1080x1920. Paid in USD (fal $4.00 + voice $0.18), not Higgsfield credits | G4: 46233 | H4: 0:46 | I4: 0 | J4: 4.18 | K4: Kling v2.5 turbo pro (fal.ai) + ElevenLabs multilingual v2 | L4: chat prompt (no file)
C5: 2 | D5: 6fe741d5 | E5: Dua Boy (Rabbana Atina) | F5: Higgsfield: kling3_0_turbo scene + seedance_2_0 lip-synced Arabic dua recitation, end card | G5: 46234 | H5: 0:16 | I5: 69 | J5: 2.3 | K5: kling3_0_turbo + seedance_2_0 | L5: chat prompt (no file)
C6: 3 | D6: b325a643 | E6: Riwaq Quran Class Ad (Johra) | F6: Higgsfield: seedance_2_0 Zoom-lesson ad, v2 with Surah Al-Ikhlas recitation, emerald end card | G6: 46235 | H6: 0:11 | I6: 72 | J6: 2.4 | K6: seedance_2_0 | L6: chat prompt (no file)
C7: 4 | D7: 941b251a | E7: The Lantern in the Dark - Dua for Guidance | F7: Higgsfield: 5-scene consistent 3D animation (nano_banana_pro stills + veo3_1), scene-2 language fix, logo end card | G7: 46236 | H7: 0:44 | I7: 142 | J7: 4.7 | K7: nano_banana_pro (stills) + veo3_1 fast | L7: The Lantern in the Dark — Dua for Guidance.md
C8: 5 | D8: c7964aab | E8: Cozy Classroom ASMR (Alif) | F8: Higgsfield: kling3_0_turbo 1080p image-to-video from corrected Alif start frame (user reference + nano_banana edit); replaces takes e23d9a42 (kling2_6) + 0db35e8c (freehand alif) | G8: 46236 | H8: 0:13 | I8: 64 | J8: 2.11 | K8: nano_banana_pro (start frame) + kling3_0_turbo 1080p | L8: Create a cozy Islamic classroom ASMR scene.md
C9: 6 | D9: a26c16b8-full | E9: Cozy Classroom ASMR — Full (Alif) | F9: Higgsfield: 4-scene full ASMR (corrected Alif trace, second trace, page turn, finale) — 4 nano_banana frames + 3 kling3_0_turbo 1080p clips + reused corrected S1; logo end card | G9: 46236 | H9: 0:43 | I9: 68 | J9: 2.24 | K9: nano_banana_pro (frames) + kling3_0_turbo 1080p | L9: Create a cozy Islamic classroom ASMR scene.md
C10: 7 | D10: 60670982 | E10: The Dream of Every Parent | F10: Higgsfield: 8 nano_banana_pro stills (S0 master + 7 scenes) + 9 veo3_1 fast 8s clips (7 scenes + clip4 re-roll for mumbled VO + clip6 re-roll for teacher lip-sync), whisper-verified dialogue, local concat, hook text overlay, per-clip random watermark, animated logo end card | G10: 46237 | H10: 0:56 | I10: 214 | J10: 7.06 | K10: nano_banana_pro (stills) + veo3_1 fast | L10: Riwaq Al Ilm --- "The Dream of Every Parent".md
C11: 8 | D11: d4428667 | E11: The Legacy Post (image) | F11: Higgsfield: 1 nano_banana_pro 4:5 still (Quran hand-off father to child), local Pillow compose: logo, hook text, gold CTA, gradients — static social post 1080x1350 | G11: 46238 | H11: n/a (image) | I11: 2 | J11: 0.07 | K11: nano_banana_pro | L11: chat prompt (no file)
C12: 9 | D12: 72a02e53 | E12: Little Girl Reciting Dua | F12: Higgsfield: 1 nano_banana_pro still + 1 veo3_1 fast 8s clip (Rabbi zidni ilma + Ameen, whisper-verified incl. isolated-segment check), local Arabic+English subtitles (reshaper/bidi, no harakat), fade, Pillow end card with free-trial CTA | G12: 46238 | H12: 0:11 | I12: 24 | J12: 0.79 | K12: nano_banana_pro (still) + veo3_1 fast | L12: Little Girl Reciting Dua.md
C13: 10 | D13: 46e119ad | E13: The Dua Before Learning | F13: Higgsfield: 2 nano_banana_pro stills (girl at desk + mother, identity ref to Little Girl Dua) + 3 veo3_1 fast 8s clips (dua clip + mother-dialogue clip + re-roll for girl mouthing mother's line), whisper-verified, local Arabic/English subtitles, freeze-frame CTA end overlay with logo | G13: 46238 | H13: 0:17 | I13: 70 | J13: 2.31 | K13: nano_banana_pro (stills) + veo3_1 fast | L13: TITLE: The Dua Before Learning.md
C14: 11 | D14: e1b9f39a | E14: Allah Is Sufficient for Me (Johra) | F14: Higgsfield: user-supplied Johra.jpeg as identity ref, 3 nano_banana_pro stills (worried playground + letterbox re-roll + children inviting) + 2 veo3_1 fast 8s clips (Hasbunallahu dua, whisper-verified + Come-play-with-us scene, lip-sync checked), local Arabic/English subtitles + freeze-frame CTA overlay with logo | G14: 46238 | H14: 0:18 | I14: 50 | J14: 1.65 | K14: nano_banana_pro (stills) + veo3_1 fast | L14: TITLE: Allah Is Sufficient for Me.md
C15: 12 | D15: 748bd1ff | E15: FB Series 01 (6 post images) | F15: Higgsfield: 6 nano_banana_pro 4:5 backgrounds + 6 regenerated at 16:9 (user request) + local Pillow compose 1920x1080: bottom-left logo watermark, cream/gold Georgia hooks, CTA, scrims. renders/fb-series01/post1-6 (16:9); 4:5 originals archived in 4x5-original/ | G15: 46238 | H15: n/a (images x6) | I15: 24 | J15: 0.79 | K15: nano_banana_pro | L15: fbPostRequest/series01.md
... C25: 22 | D25: 0024 | E25: Alif, Baa, Taa Adventure (Rhyme Series S2 #7) | F25: Higgsfield: 7 nano_banana_pro stills (Johra.jpeg identity ref) + 8 veo-3-1-fast clips (7 used, Saa re-rolled because the finger count changed mid-clip) + seed_audio Juno spoken read at speech_rate 20. Style 7. Auditioned 3 voices: Daisy said 'Aleph', Gracie 'Aleaf', only Juno said 'Alif'. All 8 clips carried a music bed (-22..-27 dB) so all clip audio discarded; marimba bed rendered locally via new scripts/social/kidsmusic.m. Arabic letter cards Pillow-rendered. | G25: 46246 | H25: 1:01 | I25: 215 | J25: 7.1 | K25: nano_banana_pro + veo-3-1-fast + seed_audio | L25: productions/0024-alif-baa-taa-adventure/00-REQUEST.md
